id,mode,recommended_amount,pnl,maxdd,sharpe,win_rate,strategy_name,ltf_interval,created_at,raw_row
1,spot,50,0.0,0.0,0.0,0.0,TD13+RSI,5m,2025-09-28 04:09:51.809068,"{'trial_id': 1, 'number': 0, 'study_id': 1, 'state': 'COMPLETE', 'datetime_start': '2025-09-28 04:09:51.809068', 'datetime_complete': '2025-09-28 04:09:54.585703'}"
2,spot,50,0.0,0.0,0.0,0.0,TD13+RSI,5m,2025-09-28 04:09:54.597493,"{'trial_id': 2, 'number': 1, 'study_id': 1, 'state': 'COMPLETE', 'datetime_start': '2025-09-28 04:09:54.597493', 'datetime_complete': '2025-09-28 04:09:57.227250'}"
3,spot,50,0.0,0.0,0.0,0.0,TD13+RSI,5m,2025-09-28 04:09:57.237798,"{'trial_id': 3, 'number': 2, 'study_id': 1, 'state': 'COMPLETE', 'datetime_start': '2025-09-28 04:09:57.237798', 'datetime_complete': '2025-09-28 04:09:59.991819'}"
4,spot,50,0.0,0.0,0.0,0.0,TD13+RSI,5m,2025-09-28 04:10:00.003049,"{'trial_id': 4, 'number': 3, 'study_id': 1, 'state': 'COMPLETE', 'datetime_start': '2025-09-28 04:10:00.003049', 'datetime_complete': '2025-09-28 04:10:02.732607'}"
5,spot,50,0.0,0.0,0.0,0.0,TD13+RSI,5m,2025-09-28 04:10:02.744657,"{'trial_id': 5, 'number': 4, 'study_id': 1, 'state': 'COMPLETE', 'datetime_start': '2025-09-28 04:10:02.744657', 'datetime_complete': '2025-09-28 04:10:05.393422'}"
6,spot,50,0.0,0.0,0.0,0.0,TD13+RSI,5m,2025-09-28 04:10:05.404453,"{'trial_id': 6, 'number': 5, 'study_id': 1, 'state': 'COMPLETE', 'datetime_start': '2025-09-28 04:10:05.404453', 'datetime_complete': '2025-09-28 04:10:08.129104'}"
7,spot,50,0.0,0.0,0.0,0.0,TD13+RSI,5m,2025-09-28 04:10:08.141464,"{'trial_id': 7, 'number': 6, 'study_id': 1, 'state': 'COMPLETE', 'datetime_start': '2025-09-28 04:10:08.141464', 'datetime_complete': '2025-09-28 04:10:10.915522'}"
8,spot,50,0.0,0.0,0.0,0.0,TD13+RSI,5m,2025-09-28 04:10:10.926881,"{'trial_id': 8, 'number': 7, 'study_id': 1, 'state': 'COMPLETE', 'datetime_start': '2025-09-28 04:10:10.926881', 'datetime_complete': '2025-09-28 04:10:13.850600'}"
9,spot,50,0.0,0.0,0.0,0.0,TD13+RSI,5m,2025-09-28 04:10:13.862677,"{'trial_id': 9, 'number': 8, 'study_id': 1, 'state': 'COMPLETE', 'datetime_start': '2025-09-28 04:10:13.862677', 'datetime_complete': '2025-09-28 04:10:16.687357'}"
10,spot,50,0.0,0.0,0.0,0.0,TD13+RSI,5m,2025-09-28 04:10:16.699636,"{'trial_id': 10, 'number': 9, 'study_id': 1, 'state': 'COMPLETE', 'datetime_start': '2025-09-28 04:10:16.699636', 'datetime_complete': '2025-09-28 04:10:19.430831'}"
11,spot,50,0.0,0.0,0.0,0.0,TD13+RSI,5m,2025-09-28 04:10:19.441681,"{'trial_id': 11, 'number': 10, 'study_id': 1, 'state': 'COMPLETE', 'datetime_start': '2025-09-28 04:10:19.441681', 'datetime_complete': '2025-09-28 04:10:22.112713'}"
12,spot,50,0.0,0.0,0.0,0.0,TD13+RSI,5m,2025-09-28 04:10:22.123333,"{'trial_id': 12, 'number': 11, 'study_id': 1, 'state': 'COMPLETE', 'datetime_start': '2025-09-28 04:10:22.123333', 'datetime_complete': '2025-09-28 04:10:24.839400'}"
13,spot,50,0.0,0.0,0.0,0.0,TD13+RSI,5m,2025-09-28 04:10:24.850162,"{'trial_id': 13, 'number': 12, 'study_id': 1, 'state': 'COMPLETE', 'datetime_start': '2025-09-28 04:10:24.850162', 'datetime_complete': '2025-09-28 04:10:27.678164'}"
14,spot,50,0.0,0.0,0.0,0.0,TD13+RSI,5m,2025-09-28 04:10:27.689231,"{'trial_id': 14, 'number': 13, 'study_id': 1, 'state': 'COMPLETE', 'datetime_start': '2025-09-28 04:10:27.689231', 'datetime_complete': '2025-09-28 04:10:30.384643'}"
15,spot,50,0.0,0.0,0.0,0.0,TD13+RSI,5m,2025-09-28 04:10:30.397518,"{'trial_id': 15, 'number': 14, 'study_id': 1, 'state': 'COMPLETE', 'datetime_start': '2025-09-28 04:10:30.397518', 'datetime_complete': '2025-09-28 04:10:33.159514'}"
16,spot,50,0.0,0.0,0.0,0.0,TD13+RSI,5m,2025-09-28 04:10:33.173827,"{'trial_id': 16, 'number': 15, 'study_id': 1, 'state': 'COMPLETE', 'datetime_start': '2025-09-28 04:10:33.173827', 'datetime_complete': '2025-09-28 04:10:35.862637'}"
17,spot,50,0.0,0.0,0.0,0.0,TD13+RSI,5m,2025-09-28 04:10:35.872045,"{'trial_id': 17, 'number': 16, 'study_id': 1, 'state': 'COMPLETE', 'datetime_start': '2025-09-28 04:10:35.872045', 'datetime_complete': '2025-09-28 04:10:38.573042'}"
18,spot,50,0.0,0.0,0.0,0.0,TD13+RSI,5m,2025-09-28 04:10:38.582302,"{'trial_id': 18, 'number': 17, 'study_id': 1, 'state': 'COMPLETE', 'datetime_start': '2025-09-28 04:10:38.582302', 'datetime_complete': '2025-09-28 04:10:41.296061'}"
19,spot,50,0.0,0.0,0.0,0.0,TD13+RSI,5m,2025-09-28 04:10:41.306503,"{'trial_id': 19, 'number': 18, 'study_id': 1, 'state': 'COMPLETE', 'datetime_start': '2025-09-28 04:10:41.306503', 'datetime_complete': '2025-09-28 04:10:44.039371'}"
20,spot,50,0.0,0.0,0.0,0.0,TD13+RSI,5m,2025-09-28 04:10:44.052165,"{'trial_id': 20, 'number': 19, 'study_id': 1, 'state': 'COMPLETE', 'datetime_start': '2025-09-28 04:10:44.052165', 'datetime_complete': '2025-09-28 04:10:46.736426'}"
21,spot,50,0.0,0.0,0.0,0.0,TD13+RSI,5m,2025-09-28 04:10:46.748902,"{'trial_id': 21, 'number': 20, 'study_id': 1, 'state': 'COMPLETE', 'datetime_start': '2025-09-28 04:10:46.748902', 'datetime_complete': '2025-09-28 04:10:49.424337'}"
22,spot,50,0.0,0.0,0.0,0.0,TD13+RSI,5m,2025-09-28 04:10:49.437648,"{'trial_id': 22, 'number': 21, 'study_id': 1, 'state': 'COMPLETE', 'datetime_start': '2025-09-28 04:10:49.437648', 'datetime_complete': '2025-09-28 04:10:52.123996'}"
23,spot,50,0.0,0.0,0.0,0.0,TD13+RSI,5m,2025-09-28 04:10:52.135418,"{'trial_id': 23, 'number': 22, 'study_id': 1, 'state': 'COMPLETE', 'datetime_start': '2025-09-28 04:10:52.135418', 'datetime_complete': '2025-09-28 04:10:54.881423'}"
24,spot,50,0.0,0.0,0.0,0.0,TD13+RSI,5m,2025-09-28 04:10:54.892764,"{'trial_id': 24, 'number': 23, 'study_id': 1, 'state': 'COMPLETE', 'datetime_start': '2025-09-28 04:10:54.892764', 'datetime_complete': '2025-09-28 04:10:57.565046'}"
25,spot,50,0.0,0.0,0.0,0.0,TD13+RSI,5m,2025-09-28 04:10:57.576938,"{'trial_id': 25, 'number': 24, 'study_id': 1, 'state': 'COMPLETE', 'datetime_start': '2025-09-28 04:10:57.576938', 'datetime_complete': '2025-09-28 04:11:00.242211'}"
26,spot,50,0.0,0.0,0.0,0.0,TD13+RSI,5m,2025-09-28 04:11:00.252426,"{'trial_id': 26, 'number': 25, 'study_id': 1, 'state': 'COMPLETE', 'datetime_start': '2025-09-28 04:11:00.252426', 'datetime_complete': '2025-09-28 04:11:03.017165'}"
27,spot,50,0.0,0.0,0.0,0.0,TD13+RSI,5m,2025-09-28 04:11:03.029235,"{'trial_id': 27, 'number': 26, 'study_id': 1, 'state': 'COMPLETE', 'datetime_start': '2025-09-28 04:11:03.029235', 'datetime_complete': '2025-09-28 04:11:05.664939'}"
28,spot,50,0.0,0.0,0.0,0.0,TD13+RSI,5m,2025-09-28 04:11:05.677431,"{'trial_id': 28, 'number': 27, 'study_id': 1, 'state': 'COMPLETE', 'datetime_start': '2025-09-28 04:11:05.677431', 'datetime_complete': '2025-09-28 04:11:08.329993'}"
29,spot,50,0.0,0.0,0.0,0.0,TD13+RSI,5m,2025-09-28 04:11:08.342256,"{'trial_id': 29, 'number': 28, 'study_id': 1, 'state': 'COMPLETE', 'datetime_start': '2025-09-28 04:11:08.342256', 'datetime_complete': '2025-09-28 04:11:11.041837'}"
30,spot,50,0.0,0.0,0.0,0.0,TD13+RSI,5m,2025-09-28 04:11:11.052490,"{'trial_id': 30, 'number': 29, 'study_id': 1, 'state': 'COMPLETE', 'datetime_start': '2025-09-28 04:11:11.052490', 'datetime_complete': '2025-09-28 04:11:13.701508'}"
31,spot,50,0.0,0.0,0.0,0.0,TD13+RSI,5m,2025-09-28 04:11:13.713552,"{'trial_id': 31, 'number': 30, 'study_id': 1, 'state': 'COMPLETE', 'datetime_start': '2025-09-28 04:11:13.713552', 'datetime_complete': '2025-09-28 04:11:16.427387'}"
32,spot,50,0.0,0.0,0.0,0.0,TD13+RSI,5m,2025-09-28 04:11:16.437870,"{'trial_id': 32, 'number': 31, 'study_id': 1, 'state': 'COMPLETE', 'datetime_start': '2025-09-28 04:11:16.437870', 'datetime_complete': '2025-09-28 04:11:19.135433'}"
33,spot,50,0.0,0.0,0.0,0.0,TD13+RSI,5m,2025-09-28 04:11:19.147345,"{'trial_id': 33, 'number': 32, 'study_id': 1, 'state': 'COMPLETE', 'datetime_start': '2025-09-28 04:11:19.147345', 'datetime_complete': '2025-09-28 04:11:21.781694'}"
34,spot,50,0.0,0.0,0.0,0.0,TD13+RSI,5m,2025-09-28 04:11:21.792149,"{'trial_id': 34, 'number': 33, 'study_id': 1, 'state': 'COMPLETE', 'datetime_start': '2025-09-28 04:11:21.792149', 'datetime_complete': '2025-09-28 04:11:24.588849'}"
35,spot,50,0.0,0.0,0.0,0.0,TD13+RSI,5m,2025-09-28 04:11:24.599148,"{'trial_id': 35, 'number': 34, 'study_id': 1, 'state': 'COMPLETE', 'datetime_start': '2025-09-28 04:11:24.599148', 'datetime_complete': '2025-09-28 04:11:27.324475'}"
36,spot,50,0.0,0.0,0.0,0.0,TD13+RSI,5m,2025-09-28 04:11:27.334911,"{'trial_id': 36, 'number': 35, 'study_id': 1, 'state': 'COMPLETE', 'datetime_start': '2025-09-28 04:11:27.334911', 'datetime_complete': '2025-09-28 04:11:30.011470'}"
37,spot,50,0.0,0.0,0.0,0.0,TD13+RSI,5m,2025-09-28 04:11:30.022064,"{'trial_id': 37, 'number': 36, 'study_id': 1, 'state': 'COMPLETE', 'datetime_start': '2025-09-28 04:11:30.022064', 'datetime_complete': '2025-09-28 04:11:32.741334'}"
38,spot,50,0.0,0.0,0.0,0.0,TD13+RSI,5m,2025-09-28 04:11:32.754014,"{'trial_id': 38, 'number': 37, 'study_id': 1, 'state': 'COMPLETE', 'datetime_start': '2025-09-28 04:11:32.754014', 'datetime_complete': '2025-09-28 04:11:35.365633'}"
39,spot,50,0.0,0.0,0.0,0.0,TD13+RSI,5m,2025-09-28 04:11:35.377960,"{'trial_id': 39, 'number': 38, 'study_id': 1, 'state': 'COMPLETE', 'datetime_start': '2025-09-28 04:11:35.377960', 'datetime_complete': '2025-09-28 04:11:38.134816'}"
40,spot,50,0.0,0.0,0.0,0.0,TD13+RSI,5m,2025-09-28 04:11:38.145354,"{'trial_id': 40, 'number': 39, 'study_id': 1, 'state': 'COMPLETE', 'datetime_start': '2025-09-28 04:11:38.145354', 'datetime_complete': '2025-09-28 04:11:40.828076'}"
41,spot,50,0.0,0.0,0.0,0.0,TD13+RSI,5m,2025-09-28 04:11:40.840858,"{'trial_id': 41, 'number': 40, 'study_id': 1, 'state': 'COMPLETE', 'datetime_start': '2025-09-28 04:11:40.840858', 'datetime_complete': '2025-09-28 04:11:43.417906'}"
42,spot,50,0.0,0.0,0.0,0.0,TD13+RSI,5m,2025-09-28 04:11:43.430296,"{'trial_id': 42, 'number': 41, 'study_id': 1, 'state': 'COMPLETE', 'datetime_start': '2025-09-28 04:11:43.430296', 'datetime_complete': '2025-09-28 04:11:46.102186'}"
43,spot,50,0.0,0.0,0.0,0.0,TD13+RSI,5m,2025-09-28 04:11:46.115083,"{'trial_id': 43, 'number': 42, 'study_id': 1, 'state': 'COMPLETE', 'datetime_start': '2025-09-28 04:11:46.115083', 'datetime_complete': '2025-09-28 04:11:48.890442'}"
44,spot,50,0.0,0.0,0.0,0.0,TD13+RSI,5m,2025-09-28 04:11:48.902080,"{'trial_id': 44, 'number': 43, 'study_id': 1, 'state': 'COMPLETE', 'datetime_start': '2025-09-28 04:11:48.902080', 'datetime_complete': '2025-09-28 04:11:51.565593'}"
45,spot,50,0.0,0.0,0.0,0.0,TD13+RSI,5m,2025-09-28 04:11:51.578844,"{'trial_id': 45, 'number': 44, 'study_id': 1, 'state': 'COMPLETE', 'datetime_start': '2025-09-28 04:11:51.578844', 'datetime_complete': '2025-09-28 04:11:54.272738'}"
46,spot,50,0.0,0.0,0.0,0.0,TD13+RSI,5m,2025-09-28 04:11:54.284297,"{'trial_id': 46, 'number': 45, 'study_id': 1, 'state': 'COMPLETE', 'datetime_start': '2025-09-28 04:11:54.284297', 'datetime_complete': '2025-09-28 04:11:56.914426'}"
47,spot,50,0.0,0.0,0.0,0.0,TD13+RSI,5m,2025-09-28 04:11:56.925078,"{'trial_id': 47, 'number': 46, 'study_id': 1, 'state': 'COMPLETE', 'datetime_start': '2025-09-28 04:11:56.925078', 'datetime_complete': '2025-09-28 04:11:59.526665'}"
48,spot,50,0.0,0.0,0.0,0.0,TD13+RSI,5m,2025-09-28 04:11:59.539314,"{'trial_id': 48, 'number': 47, 'study_id': 1, 'state': 'COMPLETE', 'datetime_start': '2025-09-28 04:11:59.539314', 'datetime_complete': '2025-09-28 04:12:02.235490'}"
49,spot,50,0.0,0.0,0.0,0.0,TD13+RSI,5m,2025-09-28 04:12:02.245959,"{'trial_id': 49, 'number': 48, 'study_id': 1, 'state': 'COMPLETE', 'datetime_start': '2025-09-28 04:12:02.245959', 'datetime_complete': '2025-09-28 04:12:04.884308'}"
50,spot,50,0.0,0.0,0.0,0.0,TD13+RSI,5m,2025-09-28 04:12:04.896174,"{'trial_id': 50, 'number': 49, 'study_id': 1, 'state': 'COMPLETE', 'datetime_start': '2025-09-28 04:12:04.896174', 'datetime_complete': '2025-09-28 04:12:07.595298'}"
51,spot,50,0.0,0.0,0.0,0.0,TD13+RSI,5m,2025-09-28 04:21:07.124531,"{'trial_id': 51, 'number': 50, 'study_id': 1, 'state': 'FAIL', 'datetime_start': '2025-09-28 04:21:07.124531', 'datetime_complete': '2025-09-28 04:21:09.885170'}"
52,spot,50,0.0,0.0,0.0,0.0,TD13+RSI,5m,2025-09-28 04:22:05.903060,"{'trial_id': 52, 'number': 51, 'study_id': 1, 'state': 'FAIL', 'datetime_start': '2025-09-28 04:22:05.903060', 'datetime_complete': '2025-09-28 04:22:08.676636'}"
53,spot,50,0.0,0.0,0.0,0.0,TD13+RSI,5m,2025-09-28 04:22:58.112902,"{'trial_id': 53, 'number': 52, 'study_id': 1, 'state': 'FAIL', 'datetime_start': '2025-09-28 04:22:58.112902', 'datetime_complete': '2025-09-28 04:23:00.865819'}"
54,spot,50,0.0,0.0,0.0,0.0,TD13+RSI,5m,2025-09-28 04:31:34.249839,"{'trial_id': 54, 'number': 53, 'study_id': 1, 'state': 'COMPLETE', 'datetime_start': '2025-09-28 04:31:34.249839', 'datetime_complete': '2025-09-28 04:31:37.696010'}"
55,spot,50,0.0,0.0,0.0,0.0,TD13+RSI,5m,2025-09-28 04:31:37.709618,"{'trial_id': 55, 'number': 54, 'study_id': 1, 'state': 'COMPLETE', 'datetime_start': '2025-09-28 04:31:37.709618', 'datetime_complete': '2025-09-28 04:31:40.493447'}"
56,spot,50,0.0,0.0,0.0,0.0,TD13+RSI,5m,2025-09-28 04:31:40.507252,"{'trial_id': 56, 'number': 55, 'study_id': 1, 'state': 'COMPLETE', 'datetime_start': '2025-09-28 04:31:40.507252', 'datetime_complete': '2025-09-28 04:31:43.353867'}"
57,spot,50,0.0,0.0,0.0,0.0,TD13+RSI,5m,2025-09-28 04:31:43.365223,"{'trial_id': 57, 'number': 56, 'study_id': 1, 'state': 'COMPLETE', 'datetime_start': '2025-09-28 04:31:43.365223', 'datetime_complete': '2025-09-28 04:31:46.761957'}"
58,spot,50,0.0,0.0,0.0,0.0,TD13+RSI,5m,2025-09-28 04:31:46.772723,"{'trial_id': 58, 'number': 57, 'study_id': 1, 'state': 'COMPLETE', 'datetime_start': '2025-09-28 04:31:46.772723', 'datetime_complete': '2025-09-28 04:31:49.518352'}"
59,spot,50,0.0,0.0,0.0,0.0,TD13+RSI,5m,2025-09-28 04:31:49.530533,"{'trial_id': 59, 'number': 58, 'study_id': 1, 'state': 'COMPLETE', 'datetime_start': '2025-09-28 04:31:49.530533', 'datetime_complete': '2025-09-28 04:31:52.452879'}"
60,spot,50,0.0,0.0,0.0,0.0,TD13+RSI,5m,2025-09-28 04:31:52.465191,"{'trial_id': 60, 'number': 59, 'study_id': 1, 'state': 'COMPLETE', 'datetime_start': '2025-09-28 04:31:52.465191', 'datetime_complete': '2025-09-28 04:31:55.420245'}"
61,spot,50,0.0,0.0,0.0,0.0,TD13+RSI,5m,2025-09-28 04:31:55.432218,"{'trial_id': 61, 'number': 60, 'study_id': 1, 'state': 'COMPLETE', 'datetime_start': '2025-09-28 04:31:55.432218', 'datetime_complete': '2025-09-28 04:31:58.094728'}"
62,spot,50,0.0,0.0,0.0,0.0,TD13+RSI,5m,2025-09-28 04:31:58.107017,"{'trial_id': 62, 'number': 61, 'study_id': 1, 'state': 'COMPLETE', 'datetime_start': '2025-09-28 04:31:58.107017', 'datetime_complete': '2025-09-28 04:32:00.939363'}"
63,spot,50,0.0,0.0,0.0,0.0,TD13+RSI,5m,2025-09-28 04:32:00.951454,"{'trial_id': 63, 'number': 62, 'study_id': 1, 'state': 'COMPLETE', 'datetime_start': '2025-09-28 04:32:00.951454', 'datetime_complete': '2025-09-28 04:32:03.679244'}"
64,spot,50,0.0,0.0,0.0,0.0,TD13+RSI,5m,2025-09-28 04:32:03.689797,"{'trial_id': 64, 'number': 63, 'study_id': 1, 'state': 'COMPLETE', 'datetime_start': '2025-09-28 04:32:03.689797', 'datetime_complete': '2025-09-28 04:32:06.518256'}"
65,spot,50,0.0,0.0,0.0,0.0,TD13+RSI,5m,2025-09-28 04:32:06.528976,"{'trial_id': 65, 'number': 64, 'study_id': 1, 'state': 'COMPLETE', 'datetime_start': '2025-09-28 04:32:06.528976', 'datetime_complete': '2025-09-28 04:32:09.538431'}"
66,spot,50,0.0,0.0,0.0,0.0,TD13+RSI,5m,2025-09-28 04:32:09.550738,"{'trial_id': 66, 'number': 65, 'study_id': 1, 'state': 'COMPLETE', 'datetime_start': '2025-09-28 04:32:09.550738', 'datetime_complete': '2025-09-28 04:32:12.233789'}"
67,spot,50,0.0,0.0,0.0,0.0,TD13+RSI,5m,2025-09-28 04:32:12.244790,"{'trial_id': 67, 'number': 66, 'study_id': 1, 'state': 'COMPLETE', 'datetime_start': '2025-09-28 04:32:12.244790', 'datetime_complete': '2025-09-28 04:32:15.006079'}"
68,spot,50,0.0,0.0,0.0,0.0,TD13+RSI,5m,2025-09-28 04:32:15.016880,"{'trial_id': 68, 'number': 67, 'study_id': 1, 'state': 'COMPLETE', 'datetime_start': '2025-09-28 04:32:15.016880', 'datetime_complete': '2025-09-28 04:32:17.799251'}"
69,spot,50,0.0,0.0,0.0,0.0,TD13+RSI,5m,2025-09-28 04:32:17.812138,"{'trial_id': 69, 'number': 68, 'study_id': 1, 'state': 'COMPLETE', 'datetime_start': '2025-09-28 04:32:17.812138', 'datetime_complete': '2025-09-28 04:32:20.558222'}"
70,spot,50,0.0,0.0,0.0,0.0,TD13+RSI,5m,2025-09-28 04:32:20.568756,"{'trial_id': 70, 'number': 69, 'study_id': 1, 'state': 'COMPLETE', 'datetime_start': '2025-09-28 04:32:20.568756', 'datetime_complete': '2025-09-28 04:32:23.324558'}"
71,spot,50,0.0,0.0,0.0,0.0,TD13+RSI,5m,2025-09-28 04:32:23.335410,"{'trial_id': 71, 'number': 70, 'study_id': 1, 'state': 'COMPLETE', 'datetime_start': '2025-09-28 04:32:23.335410', 'datetime_complete': '2025-09-28 04:32:26.125349'}"
72,spot,50,0.0,0.0,0.0,0.0,TD13+RSI,5m,2025-09-28 04:32:26.138196,"{'trial_id': 72, 'number': 71, 'study_id': 1, 'state': 'COMPLETE', 'datetime_start': '2025-09-28 04:32:26.138196', 'datetime_complete': '2025-09-28 04:32:28.850808'}"
73,spot,50,0.0,0.0,0.0,0.0,TD13+RSI,5m,2025-09-28 04:32:28.862939,"{'trial_id': 73, 'number': 72, 'study_id': 1, 'state': 'COMPLETE', 'datetime_start': '2025-09-28 04:32:28.862939', 'datetime_complete': '2025-09-28 04:32:31.622091'}"
74,spot,50,0.0,0.0,0.0,0.0,TD13+RSI,5m,2025-09-28 04:32:31.632637,"{'trial_id': 74, 'number': 73, 'study_id': 1, 'state': 'COMPLETE', 'datetime_start': '2025-09-28 04:32:31.632637', 'datetime_complete': '2025-09-28 04:32:34.289374'}"
75,spot,50,0.0,0.0,0.0,0.0,TD13+RSI,5m,2025-09-28 04:32:34.300395,"{'trial_id': 75, 'number': 74, 'study_id': 1, 'state': 'COMPLETE', 'datetime_start': '2025-09-28 04:32:34.300395', 'datetime_complete': '2025-09-28 04:32:36.918146'}"
76,spot,50,0.0,0.0,0.0,0.0,TD13+RSI,5m,2025-09-28 04:32:36.930788,"{'trial_id': 76, 'number': 75, 'study_id': 1, 'state': 'COMPLETE', 'datetime_start': '2025-09-28 04:32:36.930788', 'datetime_complete': '2025-09-28 04:32:39.870737'}"
77,spot,50,0.0,0.0,0.0,0.0,TD13+RSI,5m,2025-09-28 04:32:39.883313,"{'trial_id': 77, 'number': 76, 'study_id': 1, 'state': 'COMPLETE', 'datetime_start': '2025-09-28 04:32:39.883313', 'datetime_complete': '2025-09-28 04:32:42.600429'}"
78,spot,50,0.0,0.0,0.0,0.0,TD13+RSI,5m,2025-09-28 04:32:42.613091,"{'trial_id': 78, 'number': 77, 'study_id': 1, 'state': 'COMPLETE', 'datetime_start': '2025-09-28 04:32:42.613091', 'datetime_complete': '2025-09-28 04:32:45.321063'}"
79,spot,50,0.0,0.0,0.0,0.0,TD13+RSI,5m,2025-09-28 04:32:45.334306,"{'trial_id': 79, 'number': 78, 'study_id': 1, 'state': 'COMPLETE', 'datetime_start': '2025-09-28 04:32:45.334306', 'datetime_complete': '2025-09-28 04:32:48.152774'}"
80,spot,50,0.0,0.0,0.0,0.0,TD13+RSI,5m,2025-09-28 04:32:48.161990,"{'trial_id': 80, 'number': 79, 'study_id': 1, 'state': 'COMPLETE', 'datetime_start': '2025-09-28 04:32:48.161990', 'datetime_complete': '2025-09-28 04:32:50.920293'}"
81,spot,50,0.0,0.0,0.0,0.0,TD13+RSI,5m,2025-09-28 04:32:50.930951,"{'trial_id': 81, 'number': 80, 'study_id': 1, 'state': 'COMPLETE', 'datetime_start': '2025-09-28 04:32:50.930951', 'datetime_complete': '2025-09-28 04:32:53.759427'}"
82,spot,50,0.0,0.0,0.0,0.0,TD13+RSI,5m,2025-09-28 04:32:53.771626,"{'trial_id': 82, 'number': 81, 'study_id': 1, 'state': 'COMPLETE', 'datetime_start': '2025-09-28 04:32:53.771626', 'datetime_complete': '2025-09-28 04:32:56.554493'}"
83,spot,50,0.0,0.0,0.0,0.0,TD13+RSI,5m,2025-09-28 04:32:56.567478,"{'trial_id': 83, 'number': 82, 'study_id': 1, 'state': 'COMPLETE', 'datetime_start': '2025-09-28 04:32:56.567478', 'datetime_complete': '2025-09-28 04:32:59.228810'}"
84,spot,50,0.0,0.0,0.0,0.0,TD13+RSI,5m,2025-09-28 04:32:59.241269,"{'trial_id': 84, 'number': 83, 'study_id': 1, 'state': 'COMPLETE', 'datetime_start': '2025-09-28 04:32:59.241269', 'datetime_complete': '2025-09-28 04:33:02.152040'}"
85,spot,50,0.0,0.0,0.0,0.0,TD13+RSI,5m,2025-09-28 04:33:02.163017,"{'trial_id': 85, 'number': 84, 'study_id': 1, 'state': 'COMPLETE', 'datetime_start': '2025-09-28 04:33:02.163017', 'datetime_complete': '2025-09-28 04:33:04.897842'}"
86,spot,50,0.0,0.0,0.0,0.0,TD13+RSI,5m,2025-09-28 04:33:04.908562,"{'trial_id': 86, 'number': 85, 'study_id': 1, 'state': 'COMPLETE', 'datetime_start': '2025-09-28 04:33:04.908562', 'datetime_complete': '2025-09-28 04:33:07.581489'}"
87,spot,50,0.0,0.0,0.0,0.0,TD13+RSI,5m,2025-09-28 04:33:07.591947,"{'trial_id': 87, 'number': 86, 'study_id': 1, 'state': 'COMPLETE', 'datetime_start': '2025-09-28 04:33:07.591947', 'datetime_complete': '2025-09-28 04:33:10.314555'}"
88,spot,50,0.0,0.0,0.0,0.0,TD13+RSI,5m,2025-09-28 04:33:10.326874,"{'trial_id': 88, 'number': 87, 'study_id': 1, 'state': 'COMPLETE', 'datetime_start': '2025-09-28 04:33:10.326874', 'datetime_complete': '2025-09-28 04:33:13.231678'}"
89,spot,50,0.0,0.0,0.0,0.0,TD13+RSI,5m,2025-09-28 04:33:13.242376,"{'trial_id': 89, 'number': 88, 'study_id': 1, 'state': 'COMPLETE', 'datetime_start': '2025-09-28 04:33:13.242376', 'datetime_complete': '2025-09-28 04:33:16.012988'}"
90,spot,50,0.0,0.0,0.0,0.0,TD13+RSI,5m,2025-09-28 04:33:16.023815,"{'trial_id': 90, 'number': 89, 'study_id': 1, 'state': 'COMPLETE', 'datetime_start': '2025-09-28 04:33:16.023815', 'datetime_complete': '2025-09-28 04:33:18.808080'}"
91,spot,50,0.0,0.0,0.0,0.0,TD13+RSI,5m,2025-09-28 04:33:18.818685,"{'trial_id': 91, 'number': 90, 'study_id': 1, 'state': 'COMPLETE', 'datetime_start': '2025-09-28 04:33:18.818685', 'datetime_complete': '2025-09-28 04:33:21.461786'}"
92,spot,50,0.0,0.0,0.0,0.0,TD13+RSI,5m,2025-09-28 04:33:21.474241,"{'trial_id': 92, 'number': 91, 'study_id': 1, 'state': 'COMPLETE', 'datetime_start': '2025-09-28 04:33:21.474241', 'datetime_complete': '2025-09-28 04:33:24.237606'}"
93,spot,50,0.0,0.0,0.0,0.0,TD13+RSI,5m,2025-09-28 04:33:24.248112,"{'trial_id': 93, 'number': 92, 'study_id': 1, 'state': 'COMPLETE', 'datetime_start': '2025-09-28 04:33:24.248112', 'datetime_complete': '2025-09-28 04:33:26.997389'}"
94,spot,50,0.0,0.0,0.0,0.0,TD13+RSI,5m,2025-09-28 04:33:27.008511,"{'trial_id': 94, 'number': 93, 'study_id': 1, 'state': 'COMPLETE', 'datetime_start': '2025-09-28 04:33:27.008511', 'datetime_complete': '2025-09-28 04:33:29.704576'}"
95,spot,50,0.0,0.0,0.0,0.0,TD13+RSI,5m,2025-09-28 04:33:29.716877,"{'trial_id': 95, 'number': 94, 'study_id': 1, 'state': 'COMPLETE', 'datetime_start': '2025-09-28 04:33:29.716877', 'datetime_complete': '2025-09-28 04:33:32.461425'}"
96,spot,50,0.0,0.0,0.0,0.0,TD13+RSI,5m,2025-09-28 04:33:32.473836,"{'trial_id': 96, 'number': 95, 'study_id': 1, 'state': 'COMPLETE', 'datetime_start': '2025-09-28 04:33:32.473836', 'datetime_complete': '2025-09-28 04:33:35.226674'}"
97,spot,50,0.0,0.0,0.0,0.0,TD13+RSI,5m,2025-09-28 04:33:35.237720,"{'trial_id': 97, 'number': 96, 'study_id': 1, 'state': 'COMPLETE', 'datetime_start': '2025-09-28 04:33:35.237720', 'datetime_complete': '2025-09-28 04:33:38.039614'}"
98,spot,50,0.0,0.0,0.0,0.0,TD13+RSI,5m,2025-09-28 04:33:38.051325,"{'trial_id': 98, 'number': 97, 'study_id': 1, 'state': 'COMPLETE', 'datetime_start': '2025-09-28 04:33:38.051325', 'datetime_complete': '2025-09-28 04:33:40.846114'}"
99,spot,50,0.0,0.0,0.0,0.0,TD13+RSI,5m,2025-09-28 04:33:40.856589,"{'trial_id': 99, 'number': 98, 'study_id': 1, 'state': 'COMPLETE', 'datetime_start': '2025-09-28 04:33:40.856589', 'datetime_complete': '2025-09-28 04:33:43.527034'}"
100,spot,50,0.0,0.0,0.0,0.0,TD13+RSI,5m,2025-09-28 04:33:43.539258,"{'trial_id': 100, 'number': 99, 'study_id': 1, 'state': 'COMPLETE', 'datetime_start': '2025-09-28 04:33:43.539258', 'datetime_complete': '2025-09-28 04:33:46.183783'}"
101,spot,50,0.0,0.0,0.0,0.0,TD13+RSI,5m,2025-09-28 04:33:46.194640,"{'trial_id': 101, 'number': 100, 'study_id': 1, 'state': 'COMPLETE', 'datetime_start': '2025-09-28 04:33:46.194640', 'datetime_complete': '2025-09-28 04:33:48.956438'}"
102,spot,50,0.0,0.0,0.0,0.0,TD13+RSI,5m,2025-09-28 04:33:48.968464,"{'trial_id': 102, 'number': 101, 'study_id': 1, 'state': 'COMPLETE', 'datetime_start': '2025-09-28 04:33:48.968464', 'datetime_complete': '2025-09-28 04:33:51.623962'}"
103,spot,50,0.0,0.0,0.0,0.0,TD13+RSI,5m,2025-09-28 04:33:51.635171,"{'trial_id': 103, 'number': 102, 'study_id': 1, 'state': 'COMPLETE', 'datetime_start': '2025-09-28 04:33:51.635171', 'datetime_complete': '2025-09-28 04:33:54.348592'}"
